LocalTimestamp,EmotiBitTimestamp,PacketNumber,DataLength,TypeTag,ProtocolVersion,DataReliability,EM
1760386311.770044,2177587,31173,4,EM,1,100,RS,RB,2025-10-13_16-11-51-272673.csv,PS
1760386311.973041,2177790,31203,4,EM,1,100,RS,RB,2025-10-13_16-11-51-272673.csv,PS
1760386312.173038,2177990,31236,4,EM,1,100,RS,RB,2025-10-13_16-11-51-272673.csv,PS
1760386312.374034,2178191,31270,4,EM,1,100,RS,RB,2025-10-13_16-11-51-272673.csv,PS
1760386312.575031,2178392,31304,4,EM,1,100,RS,RB,2025-10-13_16-11-51-272673.csv,PS
1760386312.776028,2178593,31337,4,EM,1,100,RS,RB,2025-10-13_16-11-51-272673.csv,PS
1760386312.977025,2178794,31369,4,EM,1,100,RS,RB,2025-10-13_16-11-51-272673.csv,PS
1760386313.178021,2178995,31404,4,EM,1,100,RS,RB,2025-10-13_16-11-51-272673.csv,PS
1760386313.379018,2179196,31436,4,EM,1,100,RS,RB,2025-10-13_16-11-51-272673.csv,PS
1760386313.580015,2179397,31470,4,EM,1,100,RS,RB,2025-10-13_16-11-51-272673.csv,PS
1760386313.781012,2179598,31503,4,EM,1,100,RS,RB,2025-10-13_16-11-51-272673.csv,PS
1760386313.982008,2179799,31537,4,EM,1,100,RS,RB,2025-10-13_16-11-51-272673.csv,PS
1760386314.187005,2180004,31568,4,EM,1,100,RS,RB,2025-10-13_16-11-51-272673.csv,PS
1760386314.388002,2180205,31604,4,EM,1,100,RS,RB,2025-10-13_16-11-51-272673.csv,PS
1760386314.588999,2180406,31637,4,EM,1,100,RS,RB,2025-10-13_16-11-51-272673.csv,PS
1760386314.794995,2180612,31671,4,EM,1,100,RS,RB,2025-10-13_16-11-51-272673.csv,PS
1760386314.995992,2180813,31705,4,EM,1,100,RS,RB,2025-10-13_16-11-51-272673.csv,PS
1760386315.198989,2181016,31739,4,EM,1,100,RS,RB,2025-10-13_16-11-51-272673.csv,PS
1760386315.399986,2181217,31772,4,EM,1,100,RS,RB,2025-10-13_16-11-51-272673.csv,PS
1760386315.600982,2181418,31804,4,EM,1,100,RS,RB,2025-10-13_16-11-51-272673.csv,PS
1760386315.801979,2181619,31844,4,EM,1,100,RS,RB,2025-10-13_16-11-51-272673.csv,PS
1760386316.002976,2181820,31876,4,EM,1,100,RS,RB,2025-10-13_16-11-51-272673.csv,PS
1760386316.203973,2182021,31912,4,EM,1,100,RS,RB,2025-10-13_16-11-51-272673.csv,PS
1760386316.404969,2182222,31945,4,EM,1,100,RS,RB,2025-10-13_16-11-51-272673.csv,PS
1760386316.605966,2182423,31979,4,EM,1,100,RS,RB,2025-10-13_16-11-51-272673.csv,PS
1760386316.806963,2182624,32010,4,EM,1,100,RS,RB,2025-10-13_16-11-51-272673.csv,PS
1760386317.007960,2182825,32046,4,EM,1,100,RS,RB,2025-10-13_16-11-51-272673.csv,PS
1760386317.208957,2183026,32078,4,EM,1,100,RS,RB,2025-10-13_16-11-51-272673.csv,PS
1760386317.412953,2183230,32113,4,EM,1,100,RS,RB,2025-10-13_16-11-51-272673.csv,PS
1760386317.613950,2183431,32145,4,EM,1,100,RS,RB,2025-10-13_16-11-51-272673.csv,PS
1760386317.814947,2183632,32178,4,EM,1,100,RS,RB,2025-10-13_16-11-51-272673.csv,PS
1760386318.015944,2183833,32212,4,EM,1,100,RS,RB,2025-10-13_16-11-51-272673.csv,PS
1760386318.216940,2184034,32246,4,EM,1,100,RS,RB,2025-10-13_16-11-51-272673.csv,PS
1760386318.417937,2184235,32277,4,EM,1,100,RS,RB,2025-10-13_16-11-51-272673.csv,PS
1760386318.618934,2184436,32313,4,EM,1,100,RS,RB,2025-10-13_16-11-51-272673.csv,PS
1760386318.819931,2184637,32345,4,EM,1,100,RS,RB,2025-10-13_16-11-51-272673.csv,PS
1760386319.020927,2184838,32380,4,EM,1,100,RS,RB,2025-10-13_16-11-51-272673.csv,PS
1760386319.226924,2185044,32414,4,EM,1,100,RS,RB,2025-10-13_16-11-51-272673.csv,PS
1760386319.427921,2185245,32445,4,EM,1,100,RS,RB,2025-10-13_16-11-51-272673.csv,PS
1760386319.628918,2185446,32481,4,EM,1,100,RS,RB,2025-10-13_16-11-51-272673.csv,PS
1760386319.831914,2185649,32513,4,EM,1,100,RS,RB,2025-10-13_16-11-51-272673.csv,PS
1760386320.032911,2185850,32548,4,EM,1,100,RS,RB,2025-10-13_16-11-51-272673.csv,PS
1760386320.233908,2186051,32580,4,EM,1,100,RS,RB,2025-10-13_16-11-51-272673.csv,PS
1760386320.434905,2186252,32613,4,EM,1,100,RS,RB,2025-10-13_16-11-51-272673.csv,PS
1760386320.638901,2186456,32647,4,EM,1,100,RS,RB,2025-10-13_16-11-51-272673.csv,PS
1760386320.857898,2186675,32686,4,EM,1,100,RS,RB,2025-10-13_16-11-51-272673.csv,PS
1760386321.059895,2186877,32717,4,EM,1,100,RS,RB,2025-10-13_16-11-51-272673.csv,PS
1760386321.260891,2187078,32755,4,EM,1,100,RS,RB,2025-10-13_16-11-51-272673.csv,PS
1760386321.464888,2187282,32786,4,EM,1,100,RS,RB,2025-10-13_16-11-51-272673.csv,PS
1760386321.665885,2187483,32820,4,EM,1,100,RS,RB,2025-10-13_16-11-51-272673.csv,PS
1760386321.868882,2187686,32854,4,EM,1,100,RS,RB,2025-10-13_16-11-51-272673.csv,PS
1760386322.068878,2187886,32887,4,EM,1,100,RS,RB,2025-10-13_16-11-51-272673.csv,PS
1760386322.269875,2188087,32919,4,EM,1,100,RS,RB,2025-10-13_16-11-51-272673.csv,PS
1760386322.470872,2188288,32954,4,EM,1,100,RS,RB,2025-10-13_16-11-51-272673.csv,PS
1760386322.671869,2188489,32986,4,EM,1,100,RS,RB,2025-10-13_16-11-51-272673.csv,PS
1760386322.872865,2188690,33022,4,EM,1,100,RS,RB,2025-10-13_16-11-51-272673.csv,PS
1760386323.073862,2188891,33053,4,EM,1,100,RS,RB,2025-10-13_16-11-51-272673.csv,PS
1760386323.280859,2189098,33089,4,EM,1,100,RS,RB,2025-10-13_16-11-51-272673.csv,PS
1760386323.482856,2189300,33121,4,EM,1,100,RS,RB,2025-10-13_16-11-51-272673.csv,PS
1760386323.683852,2189501,33154,4,EM,1,100,RS,RB,2025-10-13_16-11-51-272673.csv,PS
1760386323.892849,2189710,33188,4,EM,1,100,RS,RB,2025-10-13_16-11-51-272673.csv,PS
1760386324.093846,2189911,33221,4,EM,1,100,RS,RB,2025-10-13_16-11-51-272673.csv,PS
1760386324.294843,2190112,33255,4,EM,1,100,RS,RB,2025-10-13_16-11-51-272673.csv,PS
1760386324.496840,2190314,33287,4,EM,1,100,RS,RB,2025-10-13_16-11-51-272673.csv,PS
1760386324.697836,2190515,33322,4,EM,1,100,RS,RB,2025-10-13_16-11-51-272673.csv,PS
1760386324.910833,2190728,33354,4,EM,1,100,RS,RB,2025-10-13_16-11-51-272673.csv,PS
1760386325.113830,2190931,33389,4,EM,1,100,RS,RB,2025-10-13_16-11-51-272673.csv,PS
1760386325.314826,2191132,33421,4,EM,1,100,RS,RB,2025-10-13_16-11-51-272673.csv,PS
1760386325.518823,2191336,33455,4,EM,1,100,RS,RB,2025-10-13_16-11-51-272673.csv,PS
1760386325.719820,2191537,33488,4,EM,1,100,RS,RB,2025-10-13_16-11-51-272673.csv,PS
1760386325.920816,2191738,33522,4,EM,1,100,RS,RB,2025-10-13_16-11-51-272673.csv,PS
1760386326.125813,2191943,33544,4,EM,1,100,RS,RB,2025-10-13_16-11-51-272673.csv,PS
1760386326.322810,2192140,33582,4,EM,1,100,RS,RB,2025-10-13_16-11-51-272673.csv,PS
1760386326.525807,2192343,33614,4,EM,1,100,RS,RB,2025-10-13_16-11-51-272673.csv,PS
1760386326.726804,2192544,33647,4,EM,1,100,RS,RB,2025-10-13_16-11-51-272673.csv,PS
1760386326.927800,2192745,33681,4,EM,1,100,RS,RB,2025-10-13_16-11-51-272673.csv,PS
1760386327.131797,2192949,33714,4,EM,1,100,RS,RB,2025-10-13_16-11-51-272673.csv,PS
1760386327.332794,2193150,33746,4,EM,1,100,RS,RB,2025-10-13_16-11-51-272673.csv,PS
1760386327.533791,2193351,33782,4,EM,1,100,RS,RB,2025-10-13_16-11-51-272673.csv,PS
1760386327.734787,2193552,33813,4,EM,1,100,RS,RB,2025-10-13_16-11-51-272673.csv,PS
1760386327.935784,2193753,33847,4,EM,1,100,RS,RB,2025-10-13_16-11-51-272673.csv,PS
1760386328.136781,2193954,33880,4,EM,1,100,RS,RB,2025-10-13_16-11-51-272673.csv,PS
1760386328.337778,2194155,33916,4,EM,1,100,RS,RB,2025-10-13_16-11-51-272673.csv,PS
1760386328.538774,2194356,33948,4,EM,1,100,RS,RB,2025-10-13_16-11-51-272673.csv,PS
1760386328.739771,2194557,33981,4,EM,1,100,RS,RB,2025-10-13_16-11-51-272673.csv,PS
1760386328.940768,2194758,34015,4,EM,1,100,RS,RB,2025-10-13_16-11-51-272673.csv,PS
1760386329.143765,2194961,34048,4,EM,1,100,RS,RB,2025-10-13_16-11-51-272673.csv,PS
1760386329.344761,2195162,34080,4,EM,1,100,RS,RB,2025-10-13_16-11-51-272673.csv,PS
1760386329.545758,2195363,34114,4,EM,1,100,RS,RB,2025-10-13_16-11-51-272673.csv,PS
1760386329.746755,2195564,34148,4,EM,1,100,RS,RB,2025-10-13_16-11-51-272673.csv,PS
1760386329.947752,2195765,34181,4,EM,1,100,RS,RB,2025-10-13_16-11-51-272673.csv,PS
1760386330.159748,2195977,34217,4,EM,1,100,RS,RB,2025-10-13_16-11-51-272673.csv,PS
1760386330.360745,2196178,34248,4,EM,1,100,RS,RB,2025-10-13_16-11-51-272673.csv,PS
1760386330.562742,2196380,34282,4,EM,1,100,RS,RB,2025-10-13_16-11-51-272673.csv,PS
1760386330.764739,2196582,34315,4,EM,1,100,RS,RB,2025-10-13_16-11-51-272673.csv,PS
1760386330.965735,2196783,34349,4,EM,1,100,RS,RB,2025-10-13_16-11-51-272673.csv,PS
1760386331.170732,2196988,34369,4,EM,1,100,RS,RB,2025-10-13_16-11-51-272673.csv,PS
1760386331.371729,2197189,34407,4,EM,1,100,RS,RB,2025-10-13_16-11-51-272673.csv,PS
1760386331.572726,2197390,34441,4,EM,1,100,RS,RB,2025-10-13_16-11-51-272673.csv,PS
1760386331.773722,2197591,34472,4,EM,1,100,RS,RB,2025-10-13_16-11-51-272673.csv,PS
1760386331.976719,2197794,34508,4,EM,1,100,RS,RB,2025-10-13_16-11-51-272673.csv,PS
1760386332.176716,2197994,34539,4,EM,1,100,RS,RB,2025-10-13_16-11-51-272673.csv,PS
1760386332.377713,2198195,34573,4,EM,1,100,RS,RB,2025-10-13_16-11-51-272673.csv,PS
1760386332.578709,2198396,34607,4,EM,1,100,RS,RB,2025-10-13_16-11-51-272673.csv,PS
1760386332.779706,2198597,34640,4,EM,1,100,RS,RB,2025-10-13_16-11-51-272673.csv,PS
1760386332.980703,2198798,34672,4,EM,1,100,RS,RB,2025-10-13_16-11-51-272673.csv,PS
1760386333.184700,2199002,34707,4,EM,1,100,RS,RB,2025-10-13_16-11-51-272673.csv,PS
1760386333.385696,2199203,34740,4,EM,1,100,RS,RB,2025-10-13_16-11-51-272673.csv,PS
1760386333.586693,2199404,34773,4,EM,1,100,RS,RB,2025-10-13_16-11-51-272673.csv,PS
1760386333.787690,2199605,34808,4,EM,1,100,RS,RB,2025-10-13_16-11-51-272673.csv,PS
1760386333.992687,2199810,34840,4,EM,1,100,RS,RB,2025-10-13_16-11-51-272673.csv,PS
1760386334.193683,2200011,34876,4,EM,1,100,RS,RB,2025-10-13_16-11-51-272673.csv,PS
1760386334.397680,2200215,34907,4,EM,1,100,RS,RB,2025-10-13_16-11-51-272673.csv,PS
1760386334.597677,2200415,34941,4,EM,1,100,RS,RB,2025-10-13_16-11-51-272673.csv,PS
1760386334.798674,2200616,34972,4,EM,1,100,RS,RB,2025-10-13_16-11-51-272673.csv,PS
1760386334.999671,2200817,35008,4,EM,1,100,RS,RB,2025-10-13_16-11-51-272673.csv,PS
1760386335.200667,2201018,35040,4,EM,1,100,RS,RB,2025-10-13_16-11-51-272673.csv,PS
1760386335.401664,2201219,35075,4,EM,1,100,RS,RB,2025-10-13_16-11-51-272673.csv,PS
1760386335.602661,2201420,35107,4,EM,1,100,RS,RB,2025-10-13_16-11-51-272673.csv,PS
1760386335.803658,2201621,35140,4,EM,1,100,RS,RB,2025-10-13_16-11-51-272673.csv,PS
1760386336.004654,2201822,35174,4,EM,1,100,RS,RB,2025-10-13_16-11-51-272673.csv,PS
1760386336.292650,2202110,35213,4,EM,1,100,RS,RB,2025-10-13_16-11-51-272673.csv,PS
1760386336.494647,2202312,35248,4,EM,1,100,RS,RB,2025-10-13_16-11-51-272673.csv,PS
1760386336.695643,2202513,35280,4,EM,1,100,RS,RB,2025-10-13_16-11-51-272673.csv,PS
1760386336.899640,2202717,35314,4,EM,1,100,RS,RB,2025-10-13_16-11-51-272673.csv,PS
1760386337.103637,2202921,35345,4,EM,1,100,RS,RB,2025-10-13_16-11-51-272673.csv,PS
1760386337.303633,2203121,35381,4,EM,1,100,RS,RB,2025-10-13_16-11-51-272673.csv,PS
1760386337.504630,2203322,35412,4,EM,1,100,RS,RB,2025-10-13_16-11-51-272673.csv,PS
1760386337.705627,2203523,35446,4,EM,1,100,RS,RB,2025-10-13_16-11-51-272673.csv,PS
1760386337.906624,2203724,35480,4,EM,1,100,RS,RB,2025-10-13_16-11-51-272673.csv,PS
1760386338.108621,2203926,35513,4,EM,1,100,RS,RB,2025-10-13_16-11-51-272673.csv,PS
1760386338.309617,2204127,35547,4,EM,1,100,RS,RB,2025-10-13_16-11-51-272673.csv,PS
1760386338.510614,2204328,35580,4,EM,1,100,RS,RB,2025-10-13_16-11-51-272673.csv,PS
1760386338.711611,2204529,35612,4,EM,1,100,RS,RB,2025-10-13_16-11-51-272673.csv,PS
1760386338.912608,2204730,35648,4,EM,1,100,RS,RB,2025-10-13_16-11-51-272673.csv,PS
1760386339.116604,2204934,35679,4,EM,1,100,RS,RB,2025-10-13_16-11-51-272673.csv,PS
1760386339.317601,2205135,35713,4,EM,1,100,RS,RB,2025-10-13_16-11-51-272673.csv,PS
1760386339.518598,2205336,35745,4,EM,1,100,RS,RB,2025-10-13_16-11-51-272673.csv,PS
1760386339.719595,2205537,35780,4,EM,1,100,RS,RB,2025-10-13_16-11-51-272673.csv,PS
1760386339.920591,2205738,35814,4,EM,1,100,RS,RB,2025-10-13_16-11-51-272673.csv,PS
1760386340.125588,2205943,35845,4,EM,1,100,RS,RB,2025-10-13_16-11-51-272673.csv,PS
1760386340.325585,2206143,35881,4,EM,1,100,RS,RB,2025-10-13_16-11-51-272673.csv,PS
1760386340.529582,2206347,35913,4,EM,1,100,RS,RB,2025-10-13_16-11-51-272673.csv,PS
1760386340.729578,2206547,35948,4,EM,1,100,RS,RB,2025-10-13_16-11-51-272673.csv,PS
1760386340.930575,2206748,35980,4,EM,1,100,RS,RB,2025-10-13_16-11-51-272673.csv,PS
1760386341.131572,2206949,36013,4,EM,1,100,RS,RB,2025-10-13_16-11-51-272673.csv,PS
1760386341.419567,2207237,36054,4,EM,1,100,RS,RB,2025-10-13_16-11-51-272673.csv,PS
1760386341.622564,2207440,36088,4,EM,1,100,RS,RB,2025-10-13_16-11-51-272673.csv,PS
1760386341.823561,2207641,36121,4,EM,1,100,RS,RB,2025-10-13_16-11-51-272673.csv,PS
1760386342.024558,2207842,36155,4,EM,1,100,RS,RB,2025-10-13_16-11-51-272673.csv,PS
1760386342.225554,2208043,36189,4,EM,1,100,RS,RB,2025-10-13_16-11-51-272673.csv,PS
1760386342.427551,2208245,36220,4,EM,1,100,RS,RB,2025-10-13_16-11-51-272673.csv,PS
1760386342.627548,2208445,36256,4,EM,1,100,RS,RB,2025-10-13_16-11-51-272673.csv,PS
1760386342.828545,2208646,36287,4,EM,1,100,RS,RB,2025-10-13_16-11-51-272673.csv,PS
1760386343.029541,2208847,36321,4,EM,1,100,RS,RB,2025-10-13_16-11-51-272673.csv,PS
1760386343.230538,2209048,36355,4,EM,1,100,RS,RB,2025-10-13_16-11-51-272673.csv,PS
1760386343.431535,2209249,36388,4,EM,1,100,RS,RB,2025-10-13_16-11-51-272673.csv,PS
1760386343.632532,2209450,36422,4,EM,1,100,RS,RB,2025-10-13_16-11-51-272673.csv,PS
1760386343.835528,2209653,36455,4,EM,1,100,RS,RB,2025-10-13_16-11-51-272673.csv,PS
1760386344.036525,2209854,36487,4,EM,1,100,RS,RB,2025-10-13_16-11-51-272673.csv,PS
1760386344.237522,2210055,36523,4,EM,1,100,RS,RB,2025-10-13_16-11-51-272673.csv,PS
1760386344.438519,2210256,36554,4,EM,1,100,RS,RB,2025-10-13_16-11-51-272673.csv,PS
1760386344.640516,2210458,36588,4,EM,1,100,RS,RB,2025-10-13_16-11-51-272673.csv,PS
1760386344.840512,2210658,36619,4,EM,1,100,RS,RB,2025-10-13_16-11-51-272673.csv,PS
1760386345.041509,2210859,36655,4,EM,1,100,RS,RB,2025-10-13_16-11-51-272673.csv,PS
1760386345.242506,2211060,36688,4,EM,1,100,RS,RB,2025-10-13_16-11-51-272673.csv,PS
1760386345.443503,2211261,36722,4,EM,1,100,RS,RB,2025-10-13_16-11-51-272673.csv,PS
1760386345.644499,2211462,36756,4,EM,1,100,RS,RB,2025-10-13_16-11-51-272673.csv,PS
1760386345.845496,2211663,36788,4,EM,1,100,RS,RB,2025-10-13_16-11-51-272673.csv,PS
1760386346.048493,2211866,36823,4,EM,1,100,RS,RB,2025-10-13_16-11-51-272673.csv,PS
1760386346.249490,2212067,36857,4,EM,1,100,RS,RB,2025-10-13_16-11-51-272673.csv,PS
1760386346.538485,2212356,36897,4,EM,1,100,RS,RB,2025-10-13_16-11-51-272673.csv,PS
1760386346.742482,2212560,36933,4,EM,1,100,RS,RB,2025-10-13_16-11-51-272673.csv,PS
1760386346.942478,2212760,36965,4,EM,1,100,RS,RB,2025-10-13_16-11-51-272673.csv,PS
1760386347.143475,2212961,36998,4,EM,1,100,RS,RB,2025-10-13_16-11-51-272673.csv,PS
1760386347.344472,2213162,37032,4,EM,1,100,RS,RB,2025-10-13_16-11-51-272673.csv,PS
1760386347.545469,2213363,37066,4,EM,1,100,RS,RB,2025-10-13_16-11-51-272673.csv,PS
1760386347.747466,2213565,37097,4,EM,1,100,RS,RB,2025-10-13_16-11-51-272673.csv,PS
1760386347.947462,2213765,37133,4,EM,1,100,RS,RB,2025-10-13_16-11-51-272673.csv,PS
1760386348.148459,2213966,37164,4,EM,1,100,RS,RB,2025-10-13_16-11-51-272673.csv,PS
1760386348.349456,2214167,37198,4,EM,1,100,RS,RB,2025-10-13_16-11-51-272673.csv,PS
1760386348.550453,2214368,37232,4,EM,1,100,RS,RB,2025-10-13_16-11-51-272673.csv,PS
1760386348.751449,2214569,37265,4,EM,1,100,RS,RB,2025-10-13_16-11-51-272673.csv,PS
1760386348.955446,2214773,37299,4,EM,1,100,RS,RB,2025-10-13_16-11-51-272673.csv,PS
1760386349.156443,2214974,37332,4,EM,1,100,RS,RB,2025-10-13_16-11-51-272673.csv,PS
1760386349.357440,2215175,37364,4,EM,1,100,RS,RB,2025-10-13_16-11-51-272673.csv,PS
1760386349.558436,2215376,37398,4,EM,1,100,RS,RB,2025-10-13_16-11-51-272673.csv,PS
1760386349.759433,2215577,37431,4,EM,1,100,RS,RB,2025-10-13_16-11-51-272673.csv,PS
1760386349.960430,2215778,37465,4,EM,1,100,RS,RB,2025-10-13_16-11-51-272673.csv,PS
1760386350.161427,2215979,37496,4,EM,1,100,RS,RB,2025-10-13_16-11-51-272673.csv,PS
1760386350.362423,2216180,37532,4,EM,1,100,RS,RB,2025-10-13_16-11-51-272673.csv,PS
1760386350.563420,2216381,37564,4,EM,1,100,RS,RB,2025-10-13_16-11-51-272673.csv,PS
1760386350.764417,2216582,37597,4,EM,1,100,RS,RB,2025-10-13_16-11-51-272673.csv,PS
1760386350.968414,2216786,37632,4,EM,1,100,RS,RB,2025-10-13_16-11-51-272673.csv,PS
1760386351.169410,2216987,37666,4,EM,1,100,RS,RB,2025-10-13_16-11-51-272673.csv,PS
1760386351.370407,2217188,37700,4,EM,1,100,RS,RB,2025-10-13_16-11-51-272673.csv,PS
1760386351.655403,2217473,37739,4,EM,1,100,RS,RB,2025-10-13_16-11-51-272673.csv,PS
1760386351.856400,2217674,37772,4,EM,1,100,RS,RB,2025-10-13_16-11-51-272673.csv,PS
1760386352.057396,2217875,37806,4,EM,1,100,RS,RB,2025-10-13_16-11-51-272673.csv,PS
1760386352.258393,2218076,37840,4,EM,1,100,RS,RB,2025-10-13_16-11-51-272673.csv,PS
1760386352.462390,2218280,37873,4,EM,1,100,RS,RB,2025-10-13_16-11-51-272673.csv,PS
1760386352.663387,2218481,37907,4,EM,1,100,RS,RB,2025-10-13_16-11-51-272673.csv,PS
1760386352.864383,2218682,37939,4,EM,1,100,RS,RB,2025-10-13_16-11-51-272673.csv,PS
1760386353.065380,2218883,37974,4,EM,1,100,RS,RB,2025-10-13_16-11-51-272673.csv,PS
1760386353.266377,2219084,38007,4,EM,1,100,RS,RB,2025-10-13_16-11-51-272673.csv,PS
1760386353.467374,2219285,38039,4,EM,1,100,RS,RB,2025-10-13_16-11-51-272673.csv,PS
1760386353.668370,2219486,38073,4,EM,1,100,RS,RB,2025-10-13_16-11-51-272673.csv,PS
1760386353.869367,2219687,38107,4,EM,1,100,RS,RB,2025-10-13_16-11-51-272673.csv,PS
1760386354.070364,2219888,38140,4,EM,1,100,RS,RB,2025-10-13_16-11-51-272673.csv,PS
1760386354.271361,2220089,38174,4,EM,1,100,RS,RB,2025-10-13_16-11-51-272673.csv,PS
1760386354.475357,2220293,38207,4,EM,1,100,RS,RB,2025-10-13_16-11-51-272673.csv,PS
1760386354.676354,2220494,38239,4,EM,1,100,RS,RB,2025-10-13_16-11-51-272673.csv,PS
1760386354.877351,2220695,38275,4,EM,1,100,RS,RB,2025-10-13_16-11-51-272673.csv,PS
1760386355.079348,2220897,38306,4,EM,1,100,RS,RB,2025-10-13_16-11-51-272673.csv,PS
1760386355.279345,2221097,38342,4,EM,1,100,RS,RB,2025-10-13_16-11-51-272673.csv,PS
1760386355.480341,2221298,38373,4,EM,1,100,RS,RB,2025-10-13_16-11-51-272673.csv,PS
1760386355.681338,2221499,38407,4,EM,1,100,RS,RB,2025-10-13_16-11-51-272673.csv,PS
1760386355.882335,2221700,38441,4,EM,1,100,RS,RB,2025-10-13_16-11-51-272673.csv,PS
1760386356.083332,2221901,38474,4,EM,1,100,RS,RB,2025-10-13_16-11-51-272673.csv,PS
1760386356.284328,2222102,38508,4,EM,1,100,RS,RB,2025-10-13_16-11-51-272673.csv,PS
1760386356.488325,2222306,38543,4,EM,1,100,RS,RB,2025-10-13_16-11-51-272673.csv,PS
1760386356.781320,2222599,38580,4,EM,1,100,RS,RB,2025-10-13_16-11-51-272673.csv,PS
1760386356.982317,2222800,38612,4,EM,1,100,RS,RB,2025-10-13_16-11-51-272673.csv,PS
1760386357.183314,2223001,38647,4,EM,1,100,RS,RB,2025-10-13_16-11-51-272673.csv,PS
1760386357.384310,2223202,38679,4,EM,1,100,RS,RB,2025-10-13_16-11-51-272673.csv,PS
1760386357.589307,2223407,38715,4,EM,1,100,RS,RB,2025-10-13_16-11-51-272673.csv,PS
1760386357.790304,2223608,38746,4,EM,1,100,RS,RB,2025-10-13_16-11-51-272673.csv,PS
1760386357.994301,2223812,38780,4,EM,1,100,RS,RB,2025-10-13_16-11-51-272673.csv,PS
1760386358.194298,2224012,38813,4,EM,1,100,RS,RB,2025-10-13_16-11-51-272673.csv,PS
1760386358.395294,2224213,38847,4,EM,1,100,RS,RB,2025-10-13_16-11-51-272673.csv,PS
1760386358.596291,2224414,38880,4,EM,1,100,RS,RB,2025-10-13_16-11-51-272673.csv,PS
1760386358.797288,2224615,38912,4,EM,1,100,RS,RB,2025-10-13_16-11-51-272673.csv,PS
1760386358.998285,2224816,38948,4,EM,1,100,RS,RB,2025-10-13_16-11-51-272673.csv,PS
1760386359.199281,2225017,38980,4,EM,1,100,RS,RB,2025-10-13_16-11-51-272673.csv,PS
1760386359.402278,2225220,39013,4,EM,1,100,RS,RB,2025-10-13_16-11-51-272673.csv,PS
1760386359.603275,2225421,39047,4,EM,1,100,RS,RB,2025-10-13_16-11-51-272673.csv,PS
1760386359.804272,2225622,39080,4,EM,1,100,RS,RB,2025-10-13_16-11-51-272673.csv,PS
1760386360.007268,2225825,39114,4,EM,1,100,RS,RB,2025-10-13_16-11-51-272673.csv,PS
1760386360.208265,2226026,39148,4,EM,1,100,RS,RB,2025-10-13_16-11-51-272673.csv,PS
1760386360.412262,2226230,39179,4,EM,1,100,RS,RB,2025-10-13_16-11-51-272673.csv,PS
1760386360.613259,2226431,39215,4,EM,1,100,RS,RB,2025-10-13_16-11-51-272673.csv,PS
1760386360.814255,2226632,39246,4,EM,1,100,RS,RB,2025-10-13_16-11-51-272673.csv,PS
1760386361.015252,2226833,39280,4,EM,1,100,RS,RB,2025-10-13_16-11-51-272673.csv,PS
1760386361.216249,2227034,39314,4,EM,1,100,RS,RB,2025-10-13_16-11-51-272673.csv,PS
1760386361.417246,2227235,39349,4,EM,1,100,RS,RB,2025-10-13_16-11-51-272673.csv,PS
1760386361.620243,2227438,39381,4,EM,1,100,RS,RB,2025-10-13_16-11-51-272673.csv,PS
1760386361.900238,2227718,39419,4,EM,1,100,RS,RB,2025-10-13_16-11-51-272673.csv,PS
1760386362.100235,2227918,39455,4,EM,1,100,RS,RB,2025-10-13_16-11-51-272673.csv,PS
1760386362.301232,2228119,39487,4,EM,1,100,RS,RB,2025-10-13_16-11-51-272673.csv,PS
1760386362.502228,2228320,39522,4,EM,1,100,RS,RB,2025-10-13_16-11-51-272673.csv,PS
1760386362.703225,2228521,39554,4,EM,1,100,RS,RB,2025-10-13_16-11-51-272673.csv,PS
1760386362.906222,2228724,39588,4,EM,1,100,RS,RB,2025-10-13_16-11-51-272673.csv,PS
1760386363.107219,2228925,39621,4,EM,1,100,RS,RB,2025-10-13_16-11-51-272673.csv,PS
1760386363.308215,2229126,39655,4,EM,1,100,RS,RB,2025-10-13_16-11-51-272673.csv,PS
1760386363.509212,2229327,39686,4,EM,1,100,RS,RB,2025-10-13_16-11-51-272673.csv,PS
1760386363.710209,2229528,39722,4,EM,1,100,RS,RB,2025-10-13_16-11-51-272673.csv,PS
1760386363.914206,2229732,39754,4,EM,1,100,RS,RB,2025-10-13_16-11-51-272673.csv,PS
1760386364.115202,2229933,39787,4,EM,1,100,RS,RB,2025-10-13_16-11-51-272673.csv,PS
1760386364.316199,2230134,39821,4,EM,1,100,RS,RB,2025-10-13_16-11-51-272673.csv,PS
1760386364.517196,2230335,39854,4,EM,1,100,RS,RB,2025-10-13_16-11-51-272673.csv,PS
1760386364.718193,2230536,39887,4,EM,1,100,RS,RB,2025-10-13_16-11-51-272673.csv,PS
1760386364.922189,2230740,39922,4,EM,1,100,RS,RB,2025-10-13_16-11-51-272673.csv,PS
1760386365.122186,2230940,39955,4,EM,1,100,RS,RB,2025-10-13_16-11-51-272673.csv,PS
1760386365.323183,2231141,39989,4,EM,1,100,RS,RB,2025-10-13_16-11-51-272673.csv,PS
1760386365.527180,2231345,40023,4,EM,1,100,RS,RB,2025-10-13_16-11-51-272673.csv,PS
1760386365.728176,2231546,40054,4,EM,1,100,RS,RB,2025-10-13_16-11-51-272673.csv,PS
1760386365.929173,2231747,40088,4,EM,1,100,RS,RB,2025-10-13_16-11-51-272673.csv,PS
1760386366.130170,2231948,40121,4,EM,1,100,RS,RB,2025-10-13_16-11-51-272673.csv,PS
1760386366.331167,2232149,40157,4,EM,1,100,RS,RB,2025-10-13_16-11-51-272673.csv,PS
1760386366.532164,2232350,40189,4,EM,1,100,RS,RB,2025-10-13_16-11-51-272673.csv,PS
1760386366.733160,2232551,40224,4,EM,1,100,RS,RB,2025-10-13_16-11-51-272673.csv,PS
1760386367.015156,2232833,40261,4,EM,1,100,RS,RB,2025-10-13_16-11-51-272673.csv,PS
1760386367.216152,2233034,40295,4,EM,1,100,RS,RB,2025-10-13_16-11-51-272673.csv,PS
1760386367.420149,2233238,40330,4,EM,1,100,RS,RB,2025-10-13_16-11-51-272673.csv,PS
1760386367.621146,2233439,40362,4,EM,1,100,RS,RB,2025-10-13_16-11-51-272673.csv,PS
1760386367.822143,2233640,40397,4,EM,1,100,RS,RB,2025-10-13_16-11-51-272673.csv,PS
1760386368.023139,2233841,40429,4,EM,1,100,RS,RB,2025-10-13_16-11-51-272673.csv,PS
1760386368.224136,2234042,40463,4,EM,1,100,RS,RB,2025-10-13_16-11-51-272673.csv,PS
1760386368.425133,2234243,40494,4,EM,1,100,RS,RB,2025-10-13_16-11-51-272673.csv,PS
1760386368.626130,2234444,40530,4,EM,1,100,RS,RB,2025-10-13_16-11-51-272673.csv,PS
1760386368.827127,2234645,40561,4,EM,1,100,RS,RB,2025-10-13_16-11-51-272673.csv,PS
1760386369.028123,2234846,40595,4,EM,1,100,RS,RB,2025-10-13_16-11-51-272673.csv,PS
1760386369.229120,2235047,40629,4,EM,1,100,RS,RB,2025-10-13_16-11-51-272673.csv,PS
1760386369.432117,2235250,40662,4,EM,1,100,RS,RB,2025-10-13_16-11-51-272673.csv,PS
1760386369.633114,2235451,40694,4,EM,1,100,RS,RB,2025-10-13_16-11-51-272673.csv,PS
1760386369.833110,2235651,40729,4,EM,1,100,RS,RB,2025-10-13_16-11-51-272673.csv,PS
1760386370.034107,2235852,40763,4,EM,1,100,RS,RB,2025-10-13_16-11-51-272673.csv,PS
1760386370.235104,2236053,40799,4,EM,1,100,RS,RB,2025-10-13_16-11-51-272673.csv,PS
1760386370.436101,2236254,40830,4,EM,1,100,RS,RB,2025-10-13_16-11-51-272673.csv,PS
1760386370.638098,2236456,40864,4,EM,1,100,RS,RB,2025-10-13_16-11-51-272673.csv,PS
1760386370.839094,2236657,40896,4,EM,1,100,RS,RB,2025-10-13_16-11-51-272673.csv,PS
1760386371.040091,2236858,40931,4,EM,1,100,RS,RB,2025-10-13_16-11-51-272673.csv,PS
1760386371.241088,2237059,40967,4,EM,1,100,RS,RB,2025-10-13_16-11-51-272673.csv,PS
1760386371.442085,2237260,40998,4,EM,1,100,RS,RB,2025-10-13_16-11-51-272673.csv,PS
1760386371.643081,2237461,41034,4,EM,1,100,RS,RB,2025-10-13_16-11-51-272673.csv,PS
1760386371.847078,2237665,41066,4,EM,1,100,RS,RB,2025-10-13_16-11-51-272673.csv,PS
1760386372.135073,2237953,41104,4,EM,1,100,RS,RB,2025-10-13_16-11-51-272673.csv,PS
1760386372.336070,2238154,41139,4,EM,1,100,RS,RB,2025-10-13_16-11-51-272673.csv,PS
1760386372.539067,2238357,41172,4,EM,1,100,RS,RB,2025-10-13_16-11-51-272673.csv,PS
1760386372.740064,2238558,41207,4,EM,1,100,RS,RB,2025-10-13_16-11-51-272673.csv,PS
1760386372.941061,2238759,41239,4,EM,1,100,RS,RB,2025-10-13_16-11-51-272673.csv,PS
1760386373.142057,2238960,41272,4,EM,1,100,RS,RB,2025-10-13_16-11-51-272673.csv,PS
1760386373.343054,2239161,41304,4,EM,1,100,RS,RB,2025-10-13_16-11-51-272673.csv,PS
1760386373.544051,2239362,41340,4,EM,1,100,RS,RB,2025-10-13_16-11-51-272673.csv,PS
1760386373.745048,2239563,41371,4,EM,1,100,RS,RB,2025-10-13_16-11-51-272673.csv,PS
1760386373.946044,2239764,41405,4,EM,1,100,RS,RB,2025-10-13_16-11-51-272673.csv,PS
1760386374.147041,2239965,41438,4,EM,1,100,RS,RB,2025-10-13_16-11-51-272673.csv,PS
1760386374.348038,2240166,41472,4,EM,1,100,RS,RB,2025-10-13_16-11-51-272673.csv,PS
1760386374.549035,2240367,41506,4,EM,1,100,RS,RB,2025-10-13_16-11-51-272673.csv,PS
1760386374.752031,2240570,41539,4,EM,1,100,RS,RB,2025-10-13_16-11-51-272673.csv,PS
1760386374.953028,2240771,41571,4,EM,1,100,RS,RB,2025-10-13_16-11-51-272673.csv,PS
1760386375.154025,2240972,41606,4,EM,1,100,RS,RB,2025-10-13_16-11-51-272673.csv,PS
1760386375.355022,2241173,41638,4,EM,1,100,RS,RB,2025-10-13_16-11-51-272673.csv,PS
1760386375.557018,2241375,41672,4,EM,1,100,RS,RB,2025-10-13_16-11-51-272673.csv,PS
1760386375.758015,2241576,41703,4,EM,1,100,RS,RB,2025-10-13_16-11-51-272673.csv,PS
1760386375.959012,2241777,41739,4,EM,1,100,RS,RB,2025-10-13_16-11-51-272673.csv,PS
1760386376.160009,2241978,41772,4,EM,1,100,RS,RB,2025-10-13_16-11-51-272673.csv,PS
1760386376.361006,2242179,41806,4,EM,1,100,RS,RB,2025-10-13_16-11-51-272673.csv,PS
1760386376.562002,2242380,41840,4,EM,1,100,RS,RB,2025-10-13_16-11-51-272673.csv,PS
1760386376.764999,2242583,41873,4,EM,1,100,RS,RB,2025-10-13_16-11-51-272673.csv,PS
1760386376.965996,2242784,41908,4,EM,1,100,RS,RB,2025-10-13_16-11-51-272673.csv,PS
1760386377.240991,2243059,41943,4,EM,1,100,RS,RB,2025-10-13_16-11-51-272673.csv,PS
1760386377.441988,2243260,41977,4,EM,1,100,RS,RB,2025-10-13_16-11-51-272673.csv,PS
1760386377.644985,2243463,42011,4,EM,1,100,RS,RB,2025-10-13_16-11-51-272673.csv,PS
1760386377.845982,2243664,42044,4,EM,1,100,RS,RB,2025-10-13_16-11-51-272673.csv,PS
1760386378.046978,2243865,42076,4,EM,1,100,RS,RB,2025-10-13_16-11-51-272673.csv,PS
1760386378.247975,2244066,42112,4,EM,1,100,RS,RB,2025-10-13_16-11-51-272673.csv,PS
1760386378.448972,2244267,42143,4,EM,1,100,RS,RB,2025-10-13_16-11-51-272673.csv,PS
1760386378.653969,2244472,42177,4,EM,1,100,RS,RB,2025-10-13_16-11-51-272673.csv,PS
1760386378.854965,2244673,42208,4,EM,1,100,RS,RB,2025-10-13_16-11-51-272673.csv,PS
1760386379.058962,2244877,42244,4,EM,1,100,RS,RB,2025-10-13_16-11-51-272673.csv,PS
1760386379.259959,2245078,42277,4,EM,1,100,RS,RB,2025-10-13_16-11-51-272673.csv,PS
1760386379.460956,2245279,42311,4,EM,1,100,RS,RB,2025-10-13_16-11-51-272673.csv,PS
1760386379.661952,2245480,42345,4,EM,1,100,RS,RB,2025-10-13_16-11-51-272673.csv,PS
1760386379.862949,2245681,42377,4,EM,1,100,RS,RB,2025-10-13_16-11-51-272673.csv,PS
1760386380.063946,2245882,42412,4,EM,1,100,RS,RB,2025-10-13_16-11-51-272673.csv,PS
1760386380.264943,2246083,42444,4,EM,1,100,RS,RB,2025-10-13_16-11-51-272673.csv,PS
1760386380.465940,2246284,42477,4,EM,1,100,RS,RB,2025-10-13_16-11-51-272673.csv,PS
1760386380.666936,2246485,42509,4,EM,1,100,RS,RB,2025-10-13_16-11-51-272673.csv,PS
1760386380.867933,2246686,42545,4,EM,1,100,RS,RB,2025-10-13_16-11-51-272673.csv,PS
1760386381.071930,2246890,42576,4,EM,1,100,RS,RB,2025-10-13_16-11-51-272673.csv,PS
1760386381.271926,2247090,42612,4,EM,1,100,RS,RB,2025-10-13_16-11-51-272673.csv,PS
1760386381.472923,2247291,42645,4,EM,1,100,RS,RB,2025-10-13_16-11-51-272673.csv,PS
1760386381.673920,2247492,42679,4,EM,1,100,RS,RB,2025-10-13_16-11-51-272673.csv,PS
1760386381.874917,2247693,42713,4,EM,1,100,RS,RB,2025-10-13_16-11-51-272673.csv,PS
1760386382.076914,2247895,42746,4,EM,1,100,RS,RB,2025-10-13_16-11-51-272673.csv,PS
1760386382.360909,2248179,42783,4,EM,1,100,RS,RB,2025-10-13_16-11-51-272673.csv,PS
1760386382.563906,2248382,42819,4,EM,1,100,RS,RB,2025-10-13_16-11-51-272673.csv,PS
1760386382.764903,2248583,42852,4,EM,1,100,RS,RB,2025-10-13_16-11-51-272673.csv,PS
1760386382.965899,2248784,42884,4,EM,1,100,RS,RB,2025-10-13_16-11-51-272673.csv,PS
1760386383.166896,2248985,42919,4,EM,1,100,RS,RB,2025-10-13_16-11-51-272673.csv,PS
1760386383.367893,2249186,42951,4,EM,1,100,RS,RB,2025-10-13_16-11-51-272673.csv,PS
1760386383.569890,2249388,42985,4,EM,1,100,RS,RB,2025-10-13_16-11-51-272673.csv,PS
1760386383.770886,2249589,43018,4,EM,1,100,RS,RB,2025-10-13_16-11-51-272673.csv,PS
1760386383.971883,2249790,43052,4,EM,1,100,RS,RB,2025-10-13_16-11-51-272673.csv,PS
1760386384.172880,2249991,43083,4,EM,1,100,RS,RB,2025-10-13_16-11-51-272673.csv,PS
1760386384.373877,2250192,43119,4,EM,1,100,RS,RB,2025-10-13_16-11-51-272673.csv,PS
1760386384.576873,2250395,43151,4,EM,1,100,RS,RB,2025-10-13_16-11-51-272673.csv,PS
1760386384.777870,2250596,43184,4,EM,1,100,RS,RB,2025-10-13_16-11-51-272673.csv,PS
1760386384.978867,2250797,43219,4,EM,1,100,RS,RB,2025-10-13_16-11-51-272673.csv,PS
1760386385.179864,2250998,43251,4,EM,1,100,RS,RB,2025-10-13_16-11-51-272673.csv,PS
1760386385.380860,2251199,43284,4,EM,1,100,RS,RB,2025-10-13_16-11-51-272673.csv,PS
1760386385.585857,2251404,43319,4,EM,1,100,RS,RB,2025-10-13_16-11-51-272673.csv,PS
1760386385.786854,2251605,43352,4,EM,1,100,RS,RB,2025-10-13_16-11-51-272673.csv,PS
1760386385.987851,2251806,43384,4,EM,1,100,RS,RB,2025-10-13_16-11-51-272673.csv,PS
1760386386.191847,2252010,43422,4,EM,1,100,RS,RB,2025-10-13_16-11-51-272673.csv,PS
1760386386.392844,2252211,43453,4,EM,1,100,RS,RB,2025-10-13_16-11-51-272673.csv,PS
1760386386.593841,2252412,43487,4,EM,1,100,RS,RB,2025-10-13_16-11-51-272673.csv,PS
1760386386.794838,2252613,43520,4,EM,1,100,RS,RB,2025-10-13_16-11-51-272673.csv,PS
1760386386.995834,2252814,43554,4,EM,1,100,RS,RB,2025-10-13_16-11-51-272673.csv,PS
1760386387.196831,2253015,43586,4,EM,1,100,RS,RB,2025-10-13_16-11-51-272673.csv,PS
1760386387.472827,2253291,43626,4,EM,1,100,RS,RB,2025-10-13_16-11-51-272673.csv,PS
1760386387.673824,2253492,43660,4,EM,1,100,RS,RB,2025-10-13_16-11-51-272673.csv,PS
1760386387.874820,2253693,43692,4,EM,1,100,RS,RB,2025-10-13_16-11-51-272673.csv,PS
1760386388.075817,2253894,43727,4,EM,1,100,RS,RB,2025-10-13_16-11-51-272673.csv,PS
1760386388.276814,2254095,43759,4,EM,1,100,RS,RB,2025-10-13_16-11-51-272673.csv,PS
1760386388.477811,2254296,43792,4,EM,1,100,RS,RB,2025-10-13_16-11-51-272673.csv,PS
1760386388.678807,2254497,43826,4,EM,1,100,RS,RB,2025-10-13_16-11-51-272673.csv,PS
1760386388.879804,2254698,43860,4,EM,1,100,RS,RB,2025-10-13_16-11-51-272673.csv,PS
1760386389.083801,2254902,43891,4,EM,1,100,RS,RB,2025-10-13_16-11-51-272673.csv,PS
1760386389.283798,2255102,43927,4,EM,1,100,RS,RB,2025-10-13_16-11-51-272673.csv,PS
1760386389.484794,2255303,43958,4,EM,1,100,RS,RB,2025-10-13_16-11-51-272673.csv,PS
1760386389.685791,2255504,43992,4,EM,1,100,RS,RB,2025-10-13_16-11-51-272673.csv,PS
1760386389.886788,2255705,44026,4,EM,1,100,RS,RB,2025-10-13_16-11-51-272673.csv,PS
1760386390.088785,2255907,44059,4,EM,1,100,RS,RB,2025-10-13_16-11-51-272673.csv,PS
1760386390.289782,2256108,44091,4,EM,1,100,RS,RB,2025-10-13_16-11-51-272673.csv,PS
1760386390.490778,2256309,44124,4,EM,1,100,RS,RB,2025-10-13_16-11-51-272673.csv,PS
1760386390.691775,2256510,44158,4,EM,1,100,RS,RB,2025-10-13_16-11-51-272673.csv,PS
1760386390.892772,2256711,44192,4,EM,1,100,RS,RB,2025-10-13_16-11-51-272673.csv,PS
1760386391.093769,2256912,44225,4,EM,1,100,RS,RB,2025-10-13_16-11-51-272673.csv,PS
1760386391.296765,2257115,44261,4,EM,1,100,RS,RB,2025-10-13_16-11-51-272673.csv,PS
1760386391.497762,2257316,44293,4,EM,1,100,RS,RB,2025-10-13_16-11-51-272673.csv,PS
1760386391.698759,2257517,44328,4,EM,1,100,RS,RB,2025-10-13_16-11-51-272673.csv,PS
1760386391.899756,2257718,44362,4,EM,1,100,RS,RB,2025-10-13_16-11-51-272673.csv,PS
1760386392.102752,2257921,44393,4,EM,1,100,RS,RB,2025-10-13_16-11-51-272673.csv,PS
1760386392.302749,2258121,44429,4,EM,1,100,RS,RB,2025-10-13_16-11-51-272673.csv,PS
1760386392.592744,2258411,44464,4,EM,1,100,RS,RB,2025-10-13_16-11-51-272673.csv,PS
1760386392.793741,2258612,44497,4,EM,1,100,RS,RB,2025-10-13_16-11-51-272673.csv,PS
1760386392.994738,2258813,44529,4,EM,1,100,RS,RB,2025-10-13_16-11-51-272673.csv,PS
1760386393.195735,2259014,44564,4,EM,1,100,RS,RB,2025-10-13_16-11-51-272673.csv,PS
1760386393.396732,2259215,44597,4,EM,1,100,RS,RB,2025-10-13_16-11-51-272673.csv,PS
1760386393.597728,2259416,44630,4,EM,1,100,RS,RB,2025-10-13_16-11-51-272673.csv,PS
1760386393.798725,2259617,44665,4,EM,1,100,RS,RB,2025-10-13_16-11-51-272673.csv,PS
1760386393.999722,2259818,44697,4,EM,1,100,RS,RB,2025-10-13_16-11-51-272673.csv,PS
1760386394.203719,2260022,44731,4,EM,1,100,RS,RB,2025-10-13_16-11-51-272673.csv,PS
1760386394.408715,2260227,44764,4,EM,1,100,RS,RB,2025-10-13_16-11-51-272673.csv,PS
1760386394.609712,2260428,44798,4,EM,1,100,RS,RB,2025-10-13_16-11-51-272673.csv,PS
1760386394.810709,2260629,44829,4,EM,1,100,RS,RB,2025-10-13_16-11-51-272673.csv,PS
1760386395.011706,2260830,44865,4,EM,1,100,RS,RB,2025-10-13_16-11-51-272673.csv,PS
1760386395.212702,2261031,44897,4,EM,1,100,RS,RB,2025-10-13_16-11-51-272673.csv,PS
1760386395.416699,2261235,44930,4,EM,1,100,RS,RB,2025-10-13_16-11-51-272673.csv,PS
1760386395.616696,2261435,44962,4,EM,1,100,RS,RB,2025-10-13_16-11-51-272673.csv,PS
1760386395.817693,2261636,44997,4,EM,1,100,RS,RB,2025-10-13_16-11-51-272673.csv,PS
1760386396.018689,2261837,45029,4,EM,1,100,RS,RB,2025-10-13_16-11-51-272673.csv,PS
1760386396.219686,2262038,45067,4,EM,1,100,RS,RB,2025-10-13_16-11-51-272673.csv,PS
1760386396.420683,2262239,45098,4,EM,1,100,RS,RB,2025-10-13_16-11-51-272673.csv,PS
1760386396.621680,2262440,45132,4,EM,1,100,RS,RB,2025-10-13_16-11-51-272673.csv,PS
1760386396.822676,2262641,45165,4,EM,1,100,RS,RB,2025-10-13_16-11-51-272673.csv,PS
1760386397.023673,2262842,45199,4,EM,1,100,RS,RB,2025-10-13_16-11-51-272673.csv,PS
1760386397.224670,2263043,45231,4,EM,1,100,RS,RB,2025-10-13_16-11-51-272673.csv,PS
1760386397.425667,2263244,45264,4,EM,1,100,RS,RB,2025-10-13_16-11-51-272673.csv,PS
1760386397.709662,2263528,45305,4,EM,1,100,RS,RB,2025-10-13_16-11-51-272673.csv,PS
1760386397.910659,2263729,45337,4,EM,1,100,RS,RB,2025-10-13_16-11-51-272673.csv,PS
1760386398.111656,2263930,45370,4,EM,1,100,RS,RB,2025-10-13_16-11-51-272673.csv,PS
1760386398.312653,2264131,45404,4,EM,1,100,RS,RB,2025-10-13_16-11-51-272673.csv,PS
1760386398.517649,2264336,45437,4,EM,1,100,RS,RB,2025-10-13_16-11-51-272673.csv,PS
1760386398.718646,2264537,45472,4,EM,1,100,RS,RB,2025-10-13_16-11-51-272673.csv,PS
1760386398.924643,2264743,45505,4,EM,1,100,RS,RB,2025-10-13_16-11-51-272673.csv,PS
1760386399.125639,2264944,45537,4,EM,1,100,RS,RB,2025-10-13_16-11-51-272673.csv,PS
1760386399.326636,2265145,45572,4,EM,1,100,RS,RB,2025-10-13_16-11-51-272673.csv,PS
1760386399.527633,2265346,45606,4,EM,1,100,RS,RB,2025-10-13_16-11-51-272673.csv,PS
1760386399.728630,2265547,45637,4,EM,1,100,RS,RB,2025-10-13_16-11-51-272673.csv,PS
1760386399.929626,2265748,45671,4,EM,1,100,RS,RB,2025-10-13_16-11-51-272673.csv,PS
1760386400.130623,2265949,45704,4,EM,1,100,RS,RB,2025-10-13_16-11-51-272673.csv,PS
1760386400.331620,2266150,45738,4,EM,1,100,RS,RB,2025-10-13_16-11-51-272673.csv,PS
1760386400.532617,2266351,45770,4,EM,1,100,RS,RB,2025-10-13_16-11-51-272673.csv,PS
1760386400.735614,2266554,45805,4,EM,1,100,RS,RB,2025-10-13_16-11-51-272673.csv,PS
1760386400.936610,2266755,45837,4,EM,1,100,RS,RB,2025-10-13_16-11-51-272673.csv,PS
1760386401.137607,2266956,45870,4,EM,1,100,RS,RB,2025-10-13_16-11-51-272673.csv,PS
1760386401.338604,2267157,45906,4,EM,1,100,RS,RB,2025-10-13_16-11-51-272673.csv,PS
1760386401.540601,2267359,45940,4,EM,1,100,RS,RB,2025-10-13_16-11-51-272673.csv,PS
1760386401.740597,2267559,45971,4,EM,1,100,RS,RB,2025-10-13_16-11-51-272673.csv,PS
1760386401.941594,2267760,46007,4,EM,1,100,RS,RB,2025-10-13_16-11-51-272673.csv,PS
1760386402.142591,2267961,46038,4,EM,1,100,RS,RB,2025-10-13_16-11-51-272673.csv,PS
1760386402.343588,2268162,46072,4,EM,1,100,RS,RB,2025-10-13_16-11-51-272673.csv,PS
1760386402.544585,2268363,46106,4,EM,1,100,RS,RB,2025-10-13_16-11-51-272673.csv,PS
1760386402.829580,2268648,46144,4,EM,1,100,RS,RB,2025-10-13_16-11-51-272673.csv,PS
1760386403.030577,2268849,46178,4,EM,1,100,RS,RB,2025-10-13_16-11-51-272673.csv,PS
1760386403.231573,2269050,46212,4,EM,1,100,RS,RB,2025-10-13_16-11-51-272673.csv,PS
1760386403.434570,2269253,46245,4,EM,1,100,RS,RB,2025-10-13_16-11-51-272673.csv,PS
1760386403.635567,2269454,46277,4,EM,1,100,RS,RB,2025-10-13_16-11-51-272673.csv,PS
1760386403.836564,2269655,46312,4,EM,1,100,RS,RB,2025-10-13_16-11-51-272673.csv,PS
1760386404.037560,2269856,46344,4,EM,1,100,RS,RB,2025-10-13_16-11-51-272673.csv,PS
1760386404.238557,2270057,46378,4,EM,1,100,RS,RB,2025-10-13_16-11-51-272673.csv,PS
1760386404.441554,2270260,46411,4,EM,1,100,RS,RB,2025-10-13_16-11-51-272673.csv,PS
1760386404.642551,2270461,46445,4,EM,1,100,RS,RB,2025-10-13_16-11-51-272673.csv,PS
1760386404.843548,2270662,46476,4,EM,1,100,RS,RB,2025-10-13_16-11-51-272673.csv,PS
1760386405.044544,2270863,46510,4,EM,1,100,RS,RB,2025-10-13_16-11-51-272673.csv,PS
1760386405.245541,2271064,46544,4,EM,1,100,RS,RB,2025-10-13_16-11-51-272673.csv,PS
1760386405.450538,2271269,46577,4,EM,1,100,RS,RB,2025-10-13_16-11-51-272673.csv,PS
1760386405.651535,2271470,46610,4,EM,1,100,RS,RB,2025-10-13_16-11-51-272673.csv,PS
1760386405.856531,2271675,46645,4,EM,1,100,RS,RB,2025-10-13_16-11-51-272673.csv,PS
1760386406.056528,2271875,46678,4,EM,1,100,RS,RB,2025-10-13_16-11-51-272673.csv,PS
1760386406.257525,2272076,46714,4,EM,1,100,RS,RB,2025-10-13_16-11-51-272673.csv,PS
1760386406.458522,2272277,46747,4,EM,1,100,RS,RB,2025-10-13_16-11-51-272673.csv,PS
1760386406.659518,2272478,46779,4,EM,1,100,RS,RB,2025-10-13_16-11-51-272673.csv,PS
1760386406.860515,2272679,46815,4,EM,1,100,RS,RB,2025-10-13_16-11-51-272673.csv,PS
1760386407.061512,2272880,46846,4,EM,1,100,RS,RB,2025-10-13_16-11-51-272673.csv,PS
1760386407.262509,2273081,46880,4,EM,1,100,RS,RB,2025-10-13_16-11-51-272673.csv,PS
1760386407.463505,2273282,46911,4,EM,1,100,RS,RB,2025-10-13_16-11-51-272673.csv,PS
1760386407.664502,2273483,46947,4,EM,1,100,RS,RB,2025-10-13_16-11-51-272673.csv,PS
1760386407.941498,2273760,46984,4,EM,1,100,RS,RB,2025-10-13_16-11-51-272673.csv,PS
1760386408.142494,2273961,47017,4,EM,1,100,RS,RB,2025-10-13_16-11-51-272673.csv,PS
1760386408.343491,2274162,47053,4,EM,1,100,RS,RB,2025-10-13_16-11-51-272673.csv,PS
1760386408.544488,2274363,47085,4,EM,1,100,RS,RB,2025-10-13_16-11-51-272673.csv,PS
1760386408.748485,2274567,47120,4,EM,1,100,RS,RB,2025-10-13_16-11-51-272673.csv,PS
1760386408.949481,2274768,47152,4,EM,1,100,RS,RB,2025-10-13_16-11-51-272673.csv,PS
1760386409.150478,2274969,47185,4,EM,1,100,RS,RB,2025-10-13_16-11-51-272673.csv,PS
1760386409.351475,2275170,47219,4,EM,1,100,RS,RB,2025-10-13_16-11-51-272673.csv,PS
1760386409.553472,2275372,47253,4,EM,1,100,RS,RB,2025-10-13_16-11-51-272673.csv,PS
1760386409.753469,2275572,47284,4,EM,1,100,RS,RB,2025-10-13_16-11-51-272673.csv,PS
1760386409.954465,2275773,47320,4,EM,1,100,RS,RB,2025-10-13_16-11-51-272673.csv,PS
1760386410.155462,2275974,47351,4,EM,1,100,RS,RB,2025-10-13_16-11-51-272673.csv,PS
1760386410.356459,2276175,47385,4,EM,1,100,RS,RB,2025-10-13_16-11-51-272673.csv,PS
1760386410.557456,2276376,47419,4,EM,1,100,RS,RB,2025-10-13_16-11-51-272673.csv,PS
1760386410.758452,2276577,47452,4,EM,1,100,RS,RB,2025-10-13_16-11-51-272673.csv,PS
1760386410.961449,2276780,47484,4,EM,1,100,RS,RB,2025-10-13_16-11-51-272673.csv,PS
1760386411.162446,2276981,47521,4,EM,1,100,RS,RB,2025-10-13_16-11-51-272673.csv,PS
1760386411.363443,2277182,47553,4,EM,1,100,RS,RB,2025-10-13_16-11-51-272673.csv,PS
1760386411.564439,2277383,47587,4,EM,1,100,RS,RB,2025-10-13_16-11-51-272673.csv,PS
1760386411.765436,2277584,47620,4,EM,1,100,RS,RB,2025-10-13_16-11-51-272673.csv,PS
1760386411.966433,2277785,47654,4,EM,1,100,RS,RB,2025-10-13_16-11-51-272673.csv,PS
1760386412.167430,2277986,47686,4,EM,1,100,RS,RB,2025-10-13_16-11-51-272673.csv,PS
1760386412.368427,2278187,47721,4,EM,1,100,RS,RB,2025-10-13_16-11-51-272673.csv,PS
1760386412.569423,2278388,47755,4,EM,1,100,RS,RB,2025-10-13_16-11-51-272673.csv,PS
1760386412.770420,2278589,47786,4,EM,1,100,RS,RB,2025-10-13_16-11-51-272673.csv,PS
1760386413.055415,2278874,47827,4,EM,1,100,RS,RB,2025-10-13_16-11-51-272673.csv,PS
1760386413.256412,2279075,47859,4,EM,1,100,RS,RB,2025-10-13_16-11-51-272673.csv,PS
1760386413.457409,2279276,47892,4,EM,1,100,RS,RB,2025-10-13_16-11-51-272673.csv,PS
1760386413.658406,2279477,47926,4,EM,1,100,RS,RB,2025-10-13_16-11-51-272673.csv,PS
1760386413.859402,2279678,47959,4,EM,1,100,RS,RB,2025-10-13_16-11-51-272673.csv,PS
1760386414.060399,2279879,47993,4,EM,1,100,RS,RB,2025-10-13_16-11-51-272673.csv,PS
1760386414.261396,2280080,48027,4,EM,1,100,RS,RB,2025-10-13_16-11-51-272673.csv,PS
1760386414.462393,2280281,48060,4,EM,1,100,RS,RB,2025-10-13_16-11-51-272673.csv,PS
1760386414.663390,2280482,48092,4,EM,1,100,RS,RB,2025-10-13_16-11-51-272673.csv,PS
1760386414.864386,2280683,48128,4,EM,1,100,RS,RB,2025-10-13_16-11-51-272673.csv,PS
1760386415.069383,2280888,48159,4,EM,1,100,RS,RB,2025-10-13_16-11-51-272673.csv,PS
1760386415.269380,2281088,48193,4,EM,1,100,RS,RB,2025-10-13_16-11-51-272673.csv,PS
1760386415.470376,2281289,48226,4,EM,1,100,RS,RB,2025-10-13_16-11-51-272673.csv,PS
1760386415.671373,2281490,48260,4,EM,1,100,RS,RB,2025-10-13_16-11-51-272673.csv,PS
1760386415.872370,2281691,48292,4,EM,1,100,RS,RB,2025-10-13_16-11-51-272673.csv,PS
1760386416.073367,2281892,48327,4,EM,1,100,RS,RB,2025-10-13_16-11-51-272673.csv,PS
1760386416.274364,2282093,48361,4,EM,1,100,RS,RB,2025-10-13_16-11-51-272673.csv,PS
1760386416.475360,2282294,48396,4,EM,1,100,RS,RB,2025-10-13_16-11-51-272673.csv,PS
1760386416.676357,2282495,48428,4,EM,1,100,RS,RB,2025-10-13_16-11-51-272673.csv,PS
1760386416.877354,2282696,48462,4,EM,1,100,RS,RB,2025-10-13_16-11-51-272673.csv,PS
1760386417.080351,2282899,48493,4,EM,1,100,RS,RB,2025-10-13_16-11-51-272673.csv,PS
1760386417.281348,2283100,48529,4,EM,1,100,RS,RB,2025-10-13_16-11-51-272673.csv,PS
1760386417.482344,2283301,48560,4,EM,1,100,RS,RB,2025-10-13_16-11-51-272673.csv,PS
1760386417.683341,2283502,48594,4,EM,1,100,RS,RB,2025-10-13_16-11-51-272673.csv,PS
1760386417.885338,2283704,48628,4,EM,1,100,RS,RB,2025-10-13_16-11-51-272673.csv,PS
1760386418.163333,2283982,48666,4,EM,1,100,RS,RB,2025-10-13_16-11-51-272673.csv,PS
1760386418.366330,2284185,48702,4,EM,1,100,RS,RB,2025-10-13_16-11-51-272673.csv,PS
1760386418.567327,2284386,48734,4,EM,1,100,RS,RB,2025-10-13_16-11-51-272673.csv,PS
1760386418.768324,2284587,48767,4,EM,1,100,RS,RB,2025-10-13_16-11-51-272673.csv,PS
1760386418.969320,2284788,48801,4,EM,1,100,RS,RB,2025-10-13_16-11-51-272673.csv,PS
1760386419.170317,2284989,48834,4,EM,1,100,RS,RB,2025-10-13_16-11-51-272673.csv,PS
1760386419.373314,2285192,48866,4,EM,1,100,RS,RB,2025-10-13_16-11-51-272673.csv,PS
1760386419.574311,2285393,48900,4,EM,1,100,RS,RB,2025-10-13_16-11-51-272673.csv,PS
1760386419.775307,2285594,48933,4,EM,1,100,RS,RB,2025-10-13_16-11-51-272673.csv,PS
1760386419.976304,2285795,48967,4,EM,1,100,RS,RB,2025-10-13_16-11-51-272673.csv,PS
1760386420.177301,2285996,48998,4,EM,1,100,RS,RB,2025-10-13_16-11-51-272673.csv,PS
1760386420.382298,2286201,49034,4,EM,1,100,RS,RB,2025-10-13_16-11-51-272673.csv,PS
1760386420.583294,2286402,49067,4,EM,1,100,RS,RB,2025-10-13_16-11-51-272673.csv,PS
1760386420.787291,2286606,49099,4,EM,1,100,RS,RB,2025-10-13_16-11-51-272673.csv,PS
1760386420.988288,2286807,49135,4,EM,1,100,RS,RB,2025-10-13_16-11-51-272673.csv,PS
1760386421.189285,2287008,49169,4,EM,1,100,RS,RB,2025-10-13_16-11-51-272673.csv,PS
1760386421.390281,2287209,49202,4,EM,1,100,RS,RB,2025-10-13_16-11-51-272673.csv,PS
1760386421.591278,2287410,49236,4,EM,1,100,RS,RB,2025-10-13_16-11-51-272673.csv,PS
1760386421.792275,2287611,49269,4,EM,1,100,RS,RB,2025-10-13_16-11-51-272673.csv,PS
1760386421.993272,2287812,49301,4,EM,1,100,RS,RB,2025-10-13_16-11-51-272673.csv,PS
1760386422.194268,2288013,49335,4,EM,1,100,RS,RB,2025-10-13_16-11-51-272673.csv,PS
1760386422.395265,2288214,49368,4,EM,1,100,RS,RB,2025-10-13_16-11-51-272673.csv,PS
1760386422.596262,2288415,49402,4,EM,1,100,RS,RB,2025-10-13_16-11-51-272673.csv,PS
1760386422.800259,2288619,49433,4,EM,1,100,RS,RB,2025-10-13_16-11-51-272673.csv,PS
1760386423.000256,2288819,49469,4,EM,1,100,RS,RB,2025-10-13_16-11-51-272673.csv,PS
1760386423.276251,2289095,49506,4,EM,1,100,RS,RB,2025-10-13_16-11-51-272673.csv,PS
1760386423.480248,2289299,49541,4,EM,1,100,RS,RB,2025-10-13_16-11-51-272673.csv,PS
1760386423.681245,2289500,49575,4,EM,1,100,RS,RB,2025-10-13_16-11-51-272673.csv,PS
1760386423.882241,2289701,49609,4,EM,1,100,RS,RB,2025-10-13_16-11-51-272673.csv,PS
1760386424.083238,2289902,49642,4,EM,1,100,RS,RB,2025-10-13_16-11-51-272673.csv,PS
1760386424.285235,2290104,49674,4,EM,1,100,RS,RB,2025-10-13_16-11-51-272673.csv,PS
1760386424.485232,2290304,49707,4,EM,1,100,RS,RB,2025-10-13_16-11-51-272673.csv,PS
1760386424.686229,2290505,49741,4,EM,1,100,RS,RB,2025-10-13_16-11-51-272673.csv,PS
1760386424.887225,2290706,49775,4,EM,1,100,RS,RB,2025-10-13_16-11-51-272673.csv,PS
1760386425.088222,2290907,49806,4,EM,1,100,RS,RB,2025-10-13_16-11-51-272673.csv,PS
1760386425.289219,2291108,49842,4,EM,1,100,RS,RB,2025-10-13_16-11-51-272673.csv,PS
1760386425.493215,2291312,49873,4,EM,1,100,RS,RB,2025-10-13_16-11-51-272673.csv,PS
1760386425.694212,2291513,49907,4,EM,1,100,RS,RB,2025-10-13_16-11-51-272673.csv,PS
1760386425.895209,2291714,49941,4,EM,1,100,RS,RB,2025-10-13_16-11-51-272673.csv,PS
1760386426.098206,2291917,49974,4,EM,1,100,RS,RB,2025-10-13_16-11-51-272673.csv,PS
1760386426.299202,2292118,50008,4,EM,1,100,RS,RB,2025-10-13_16-11-51-272673.csv,PS
1760386426.500199,2292319,50043,4,EM,1,100,RS,RB,2025-10-13_16-11-51-272673.csv,PS
1760386426.701196,2292520,50076,4,EM,1,100,RS,RB,2025-10-13_16-11-51-272673.csv,PS
1760386426.902193,2292721,50109,4,EM,1,100,RS,RB,2025-10-13_16-11-51-272673.csv,PS
1760386427.103189,2292922,50143,4,EM,1,100,RS,RB,2025-10-13_16-11-51-272673.csv,PS
1760386427.306186,2293125,50176,4,EM,1,100,RS,RB,2025-10-13_16-11-51-272673.csv,PS
1760386427.507183,2293326,50210,4,EM,1,100,RS,RB,2025-10-13_16-11-51-272673.csv,PS
1760386427.708180,2293527,50241,4,EM,1,100,RS,RB,2025-10-13_16-11-51-272673.csv,PS
1760386427.909177,2293728,50277,4,EM,1,100,RS,RB,2025-10-13_16-11-51-272673.csv,PS
1760386428.114173,2293933,50308,4,EM,1,100,RS,RB,2025-10-13_16-11-51-272673.csv,PS
1760386428.400169,2294219,50349,4,EM,1,100,RS,RB,2025-10-13_16-11-51-272673.csv,PS
1760386428.601166,2294420,50382,4,EM,1,100,RS,RB,2025-10-13_16-11-51-272673.csv,PS
1760386428.802162,2294621,50414,4,EM,1,100,RS,RB,2025-10-13_16-11-51-272673.csv,PS
1760386429.003159,2294822,50450,4,EM,1,100,RS,RB,2025-10-13_16-11-51-272673.csv,PS
1760386429.204156,2295023,50482,4,EM,1,100,RS,RB,2025-10-13_16-11-51-272673.csv,PS
1760386429.405153,2295224,50515,4,EM,1,100,RS,RB,2025-10-13_16-11-51-272673.csv,PS
1760386429.606149,2295425,50547,4,EM,1,100,RS,RB,2025-10-13_16-11-51-272673.csv,PS
1760386429.807146,2295626,50582,4,EM,1,100,RS,RB,2025-10-13_16-11-51-272673.csv,PS
1760386430.008143,2295827,50614,4,EM,1,100,RS,RB,2025-10-13_16-11-51-272673.csv,PS
1760386430.209140,2296028,50650,4,EM,1,100,RS,RB,2025-10-13_16-11-51-272673.csv,PS
1760386430.412136,2296231,50681,4,EM,1,100,RS,RB,2025-10-13_16-11-51-272673.csv,PS
1760386430.613133,2296432,50715,4,EM,1,100,RS,RB,2025-10-13_16-11-51-272673.csv,PS
1760386430.814130,2296633,50748,4,EM,1,100,RS,RB,2025-10-13_16-11-51-272673.csv,PS
1760386431.015127,2296834,50782,4,EM,1,100,RS,RB,2025-10-13_16-11-51-272673.csv,PS
1760386431.216123,2297035,50816,4,EM,1,100,RS,RB,2025-10-13_16-11-51-272673.csv,PS
1760386431.417120,2297236,50851,4,EM,1,100,RS,RB,2025-10-13_16-11-51-272673.csv,PS
1760386431.618117,2297437,50883,4,EM,1,100,RS,RB,2025-10-13_16-11-51-272673.csv,PS
1760386431.819114,2297638,50916,4,EM,1,100,RS,RB,2025-10-13_16-11-51-272673.csv,PS
1760386432.020110,2297839,50948,4,EM,1,100,RS,RB,2025-10-13_16-11-51-272673.csv,PS
1760386432.221107,2298040,50984,4,EM,1,100,RS,RB,2025-10-13_16-11-51-272673.csv,PS
1760386432.422104,2298241,51015,4,EM,1,100,RS,RB,2025-10-13_16-11-51-272673.csv,PS
1760386432.625101,2298444,51049,4,EM,1,100,RS,RB,2025-10-13_16-11-51-272673.csv,PS
1760386432.826097,2298645,51083,4,EM,1,100,RS,RB,2025-10-13_16-11-51-272673.csv,PS
1760386433.027094,2298846,51116,4,EM,1,100,RS,RB,2025-10-13_16-11-51-272673.csv,PS
1760386433.228091,2299047,51152,4,EM,1,100,RS,RB,2025-10-13_16-11-51-272673.csv,PS
1760386433.515086,2299334,51188,4,EM,1,100,RS,RB,2025-10-13_16-11-51-272673.csv,PS
1760386433.719083,2299538,51222,4,EM,1,100,RS,RB,2025-10-13_16-11-51-272673.csv,PS
1760386433.920080,2299739,51256,4,EM,1,100,RS,RB,2025-10-13_16-11-51-272673.csv,PS
1760386434.121077,2299940,51289,4,EM,1,100,RS,RB,2025-10-13_16-11-51-272673.csv,PS
1760386434.322073,2300141,51323,4,EM,1,100,RS,RB,2025-10-13_16-11-51-272673.csv,PS
1760386434.523070,2300342,51357,4,EM,1,100,RS,RB,2025-10-13_16-11-51-272673.csv,PS
1760386434.724067,2300543,51390,4,EM,1,100,RS,RB,2025-10-13_16-11-51-272673.csv,PS
1760386434.925064,2300744,51422,4,EM,1,100,RS,RB,2025-10-13_16-11-51-272673.csv,PS
1760386435.126060,2300945,51457,4,EM,1,100,RS,RB,2025-10-13_16-11-51-272673.csv,PS
1760386435.327057,2301146,51489,4,EM,1,100,RS,RB,2025-10-13_16-11-51-272673.csv,PS
1760386435.528054,2301347,51523,4,EM,1,100,RS,RB,2025-10-13_16-11-51-272673.csv,PS
1760386435.731051,2301550,51556,4,EM,1,100,RS,RB,2025-10-13_16-11-51-272673.csv,PS
1760386435.932048,2301751,51590,4,EM,1,100,RS,RB,2025-10-13_16-11-51-272673.csv,PS
1760386436.133044,2301952,51625,4,EM,1,100,RS,RB,2025-10-13_16-11-51-272673.csv,PS
1760386436.334041,2302153,51659,4,EM,1,100,RS,RB,2025-10-13_16-11-51-272673.csv,PS
1760386436.535038,2302354,51691,4,EM,1,100,RS,RB,2025-10-13_16-11-51-272673.csv,PS
1760386436.736035,2302555,51726,4,EM,1,100,RS,RB,2025-10-13_16-11-51-272673.csv,PS
1760386436.937032,2302756,51758,4,EM,1,100,RS,RB,2025-10-13_16-11-51-272673.csv,PS
1760386437.138028,2302957,51791,4,EM,1,100,RS,RB,2025-10-13_16-11-51-272673.csv,PS
1760386437.339025,2303158,51823,4,EM,1,100,RS,RB,2025-10-13_16-11-51-272673.csv,PS
1760386437.540022,2303359,51859,4,EM,1,100,RS,RB,2025-10-13_16-11-51-272673.csv,PS
1760386437.741019,2303560,51891,4,EM,1,100,RS,RB,2025-10-13_16-11-51-272673.csv,PS
1760386437.944015,2303763,51924,4,EM,1,100,RS,RB,2025-10-13_16-11-51-272673.csv,PS
1760386438.147012,2303966,51960,4,EM,1,100,RS,RB,2025-10-13_16-11-51-272673.csv,PS
1760386438.348009,2304167,51991,4,EM,1,100,RS,RB,2025-10-13_16-11-51-272673.csv,PS
1760386438.653004,2304472,52028,4,EM,1,100,RS,RB,2025-10-13_16-11-51-272673.csv,PS
1760386438.854001,2304673,52061,4,EM,1,100,RS,RB,2025-10-13_16-11-51-272673.csv,PS
1760386439.054997,2304874,52095,4,EM,1,100,RS,RB,2025-10-13_16-11-51-272673.csv,PS
1760386439.255994,2305075,52130,4,EM,1,100,RS,RB,2025-10-13_16-11-51-272673.csv,PS
1760386439.456991,2305276,52162,4,EM,1,100,RS,RB,2025-10-13_16-11-51-272673.csv,PS
1760386439.657988,2305477,52195,4,EM,1,100,RS,RB,2025-10-13_16-11-51-272673.csv,PS
1760386439.858984,2305678,52228,4,EM,1,100,RS,RB,2025-10-13_16-11-51-272673.csv,PS
1760386440.059981,2305879,52263,4,EM,1,100,RS,RB,2025-10-13_16-11-51-272673.csv,PS
1760386440.260978,2306080,52295,4,EM,1,100,RS,RB,2025-10-13_16-11-51-272673.csv,PS
1760386440.464975,2306284,52328,4,EM,1,100,RS,RB,2025-10-13_16-11-51-272673.csv,PS
1760386440.665972,2306485,52362,4,EM,1,100,RS,RB,2025-10-13_16-11-51-272673.csv,PS
1760386440.866968,2306686,52396,4,EM,1,100,RS,RB,2025-10-13_16-11-51-272673.csv,PS
1760386441.067965,2306887,52429,4,EM,1,100,RS,RB,2025-10-13_16-11-51-272673.csv,PS
1760386441.268962,2307088,52465,4,EM,1,100,RS,RB,2025-10-13_16-11-51-272673.csv,PS
1760386441.469959,2307289,52496,4,EM,1,100,RS,RB,2025-10-13_16-11-51-272673.csv,PS
1760386441.670955,2307490,52530,4,EM,1,100,RS,RB,2025-10-13_16-11-51-272673.csv,PS
1760386441.871952,2307691,52564,4,EM,1,100,RS,RB,2025-10-13_16-11-51-272673.csv,PS
1760386442.072949,2307892,52597,4,EM,1,100,RS,RB,2025-10-13_16-11-51-272673.csv,PS
1760386442.273946,2308093,52629,4,EM,1,100,RS,RB,2025-10-13_16-11-51-272673.csv,PS
1760386442.477942,2308297,52664,4,EM,1,100,RS,RB,2025-10-13_16-11-51-272673.csv,PS
1760386442.681939,2308501,52696,4,EM,1,100,RS,RB,2025-10-13_16-11-51-272673.csv,PS
1760386442.882936,2308702,52730,4,EM,1,100,RS,RB,2025-10-13_16-11-51-272673.csv,PS
1760386443.082933,2308902,52763,4,EM,1,100,RS,RB,2025-10-13_16-11-51-272673.csv,PS
1760386443.283929,2309103,52797,4,EM,1,100,RS,RB,2025-10-13_16-11-51-272673.csv,PS
1760386443.484926,2309304,52830,4,EM,1,100,RS,RB,2025-10-13_16-11-51-272673.csv,PS
1760386443.766922,2309586,52871,4,EM,1,100,RS,RB,2025-10-13_16-11-51-272673.csv,PS
